"type","value","source"
"hash_sha256","0172CA7C07D1D52DC163090886D5F32A5DCF528506D19203E4C405495F51C60B","public"
"hash_sha256","017FD2003F8EAA65FF85131322F5FAEC1E338511788328438020848EDF3DFD8D","public"
"hash_sha256","0484DE293F2C125132CAA585229A8702AF00CB645AA27684C2EE6F9F4F3EDB6F","public"
"hash_sha256","049A576A5BC77AF51065D28A711656BD93FF6BD5FE74D54064A66A802D14E438","public"
"hash_sha256","06469B3DD05621ECCA3F37422C35D29A9225247B518E88788AE5B2D36D6AD765","public"
"hash_sha256","080A52B99D997E1AC60BD096A626B4D7C9253F0C7B7C4FC8523C9D47A71122AF","public"
"hash_sha256","0D14960395A9D396D413C2160570116E835F8B3200033A0E4E150F5E50B68BEC","public"
"hash_sha256","0EC9D355F482A292990055A9074FDABDB75D72630B920A61BDF387F2826F5385","public"
"hash_sha256","100970B2EB83E3A80CB463126845619A05C979D235B07ECA4B1C2027772334EC","public"
"hash_sha256","127406B838228C39B368FAA9D6903E7E712105B5AD8F43A987A99F7B10C29780","public"
"hash_sha256","139B2B11B1C0D9697A78C1A9535A7A4E4F41D4833B247C1CDDC91ABE3BEBE3E4","public"
"hash_sha256","13A8150B68A3FAD30C48778B80BAA7C97C1A813F37688CBE14B1D3F5AB69AC72","public"
"hash_sha256","147D83D58BA5AB7429DEA557C9D5579A609B8D460522A745B841EE22E73C5B33","public"
"hash_sha256","14E9BB6DF4906691FC7754CF7906C3470A54475C663BD2514446AFAD41FA1527","public"
"hash_sha256","1534D21DDD3A58B076EF49682E0CF7009ABFB4248FA70426B5436C02CAEAF82F","public"
"hash_sha256","1681C3B88ED315543AC1BF07D258D560CF2F85BFD26C10471D71700EAEB57FB3","public"
"hash_sha256","193218243C54D7903C65F5E7BE9B865DDB286DA9005C69E6E955E31EC3EFA1A7","public"
"hash_sha256","1CACC0E005A506572B26D859579840188758C37377B19F33BBD084D7EF2956A8","public"
"hash_sha256","1DDEF717BF82E61BF79B24570AB68BF899F420A62EBD4715C2AE0C036DA5CE05","public"
"hash_sha256","1F482CE7E736A8541CC16E3E80C7890D13FB1F561AE38215A98A75DCE1333CEE","public"
"hash_sha256","267009D555F59E9BF5D82BE8A046427F04A16D15C63D9C7ECCA749B11D8C8FC3","public"
"hash_sha256","28198494F0ED5033085615A57573E3D748AF19E4BD6EA215893EBEACF6E576DF","public"
"hash_sha256","319A560130015FA1C53149234321BA5313E5A93F06DE6675F5DA4A8C2DFA1CF1","public"
"hash_sha256","32253D3EA50927D0FD79F5BFDD6EE93C46AA26126CE4360D9915FABD2E5F562F","public"
"hash_sha256","334DFBAEFBF7E6301D2385F95D861EB6DAE9018C48FB298A2CBF5F364FBCDB2D","public"
"hash_sha256","35DB935E80BEDA545577A5F7FF6DE7C8A8B1376C363B0D5C704DC14EBC1D2F93","public"
"hash_sha256","36D05B8CA1B6E629BFCCC2342DB331EB88D21EBCE773CA266F664CD606BC31B7","public"
"hash_sha256","36F02254BF8631E5E4CDB83FFB4621C85AB5E41FB20983C7B1E2B2292EF02D0A","public"
"hash_sha256","3A98F55ACD11E08E9A8090F8955BC51CB7DE692C865074F9F5A68DE813860DF2","public"
"hash_sha256","3AD13C59CEBDF654D2F04C26C4A0726F2E1BB3B1682BC9810A3B99FBD17D59C0","public"
"hash_sha256","3B97A79ED920A508B4CD91240D0795713C559C36862C75EC6C9A41B4EC05D279","public"
"hash_sha256","3CE09A0CC03DCF3016C21979B10BC3BFC61A7BA3F582E2838A78F0CCD3556555","public"
"hash_sha256","3CE81C163DDEDB132116CDF92AAE197CED0B94F3FC3D1036F5C41B084A256A03","public"
"hash_sha256","3CF0E84EA719B026AA6EF04EE7396974AEB3EC3480823FD0BB1867043C6D2BF9","public"
"hash_sha256","3D3A6D7905CA1387F3EC7A637CB672D6B6EFA0F8EFDBF819F756A8E5F92BC960","public"
"hash_sha256","408A7C9B1AFCC367A086C1386DA621D532632E2B54C47F7061161105BD63A37E","public"
"hash_sha256","41781819707C4D4B0173D63DA71B0C3B7B2AE8794B08C4CC26DC201E1ADB5F0F","public"
"hash_sha256","4297DE28D569560BF2CD287E1A44771EC4F8DEAC993CB69B54B36FA497AF52D3","public"
"hash_sha256","432C720A9ADA40785D77CD7E5798DE8D43793F6DA31C5E7B3B22EE0A451BB249","public"
"hash_sha256","45BABDCBD661450B3643A14DC960DAF7FAFAEA2876FEE249A2A2417B15272A4B","public"
"hash_sha256","469FD8A280E89A6EDD0D704D0BE4C7E0E0D8D753E314E9CE205D7006B573865F","public"
"hash_sha256","474CE68F3ADE2DD6A215EA7AE6D5D9FB6A1298BDDA55417E9ED58CA8AD143955","public"
"hash_sha256","4AA59DDE4C8DA2CFF1A3AFE02DB3AE6C00D99E698DB11838B791E1D6C582FFB6","public"
"hash_sha256","4CD5DF82E1D4F93361E71624730FBD1DD2F8CCAEC7FC7CBDFA87497FB5CB438C","public"
"hash_sha256","4FF7DC3005E7C33836C224EF8715AB09280D0D2C4E0C441E19BD59BC3AF6B7B9","public"
"hash_sha256","5022CD6152998D31B55E5770A7B334068CE8264876C5D6017FD37BEB28E585CA","public"
"hash_sha256","521982A864B3B40B2627CF2067546ACCF346E2C97924A73DBC767907071C4029","public"
"hash_sha256","5273D68B3AEF1F5EBF420B91D66A064E34C4D3495332FD492FECB7EF4B19624E","public"
"hash_sha256","52A034E732BCE0CB10FBFAE6F3C208FFB885D490FBCD70BAD62FB2E32A7C33F8","public"
"hash_sha256","547250102B3B779CFEAB6F9FF4B67FFD577D83D9E8027DF90697B01E24256D67","public"
"hash_sha256","5710A67E4A3A633A8B3446A9E94B8CDD11B00E922A5585802A94BD91FA2A5D82","public"
"hash_sha256","57CEDC81378F98E568539CC653349FF70EF851A6D51886FD2560F30DF5E31BBD","public"
"hash_sha256","58FE2A7D4435C9C24C98D33AFF1110ADD4BF95ADD31558F51289A028DDAFCC6E","public"
"hash_sha256","5D932BFDA0FFD31715700DE2FD43FC89C0F1D89EEABAC92081EBE2062DA84152","public"
"hash_sha256","6134BAC7A6215A158DFEE2F6824B9E648DE073EEB0499A325C8EF2EA43DAB84C","public"
"hash_sha256","6211E469524A4BD7D3FA9C59A11A2F5BC6EAC34D839A5BA0BA8A616B82A098C8","public"
"hash_sha256","657E021F0DFDD8C628A428A824DA278D14D674AEFD248F86A58F5BBE4472F0DC","public"
"hash_sha256","66938C34825D1E32D5F3DAF8911311F05DD9BAD07278268AE6B783DCDC8130A9","public"
"hash_sha256","6912F9484886EC8B8837AC3E2E63397A9C4FD499407DBAB92F730F0D6B4315FC","public"
"hash_sha256","759D6929E4456668A93D92B2AEA311D9B7590EBAB4A4DA3CD8602B8C0B8111D5","public"
"hash_sha256","7AA7406147E1365A78412BA44ADECEE8C5F5B8365C61A2BC4DE3BC2C37C0E1DD","public"
"hash_sha256","7AC3FFB78AE1D2D9B5D3D336D2A2409BD8F2F15F5FB371A1337DD487BD471E32","public"
"hash_sha256","7B4931E498CE8B3A15BFF5FDFD3A547397E85296462DE3D2D322B4B3FE52F26C","public"
"hash_sha256","7BDBF2766AD55F9A67BFBB97A32D308530E4B5959BB68A9ACB22326DFEE8F282","public"
"hash_sha256","7DDE62518FE19B2E6C8A17B29339E7C11F655DA8ADFBFC8D1C6D499C967F0A15","public"
"hash_sha256","80C956C5F279A436E7CF81B3E47333144DA5EF39BD76BD8C4A65E4571125EA7A","public"
"hash_sha256","8164643B2EFDCFEDAFAFB61919CF93C496375002F6AD806725C85A7C871C34EA","public"
"hash_sha256","81C47E749E8A3376294DE8593C2387A0642080303BB17D902BABFF1DE561E743","public"
"hash_sha256","81D75922646F0D7FAB2613307117867CBA27E9C71C3F57D8CA6627666DF709C7","public"
"hash_sha256","821F0956D3F52819C90035041C0F4C0EC644924AF46222C5913E05DE1C385B04","public"
"hash_sha256","850FB460F68AB1B5810F96DB1FF16954CD1B590B921968FCBC3203135B40ACC0","public"
"hash_sha256","8EAD05BB10E6AB0627FCB3DD5BAA59CDAAB79AA3522A38DAD0B7F1BC0DADA10A","public"
"hash_sha256","9096D706D90598BA0DD6473A1CF0529AB7AB486E753B2EBF6B180D2BEBF68990","public"
"hash_sha256","912573354E6ED5D744F490847B66CB63654D037EF595C147FC5A4369FEF3BFEE","public"
"hash_sha256","929C69827CD2B03E7B03F9A53C08268AB37C29AC4BD1B23425F66A62AD74A13B","public"
"hash_sha256","9DC84272D11E273B6B4DEFEABB7E3DD6EBE0E418FB96F9386DD7F1F695636384","public"
"hash_sha256","A206EA9B415A0EAFD731B4EEC762A5B5E8DF8D9007E93046029D83316989790A","public"
"hash_sha256","A6F04F0C7B2827F4C102B1B1E3978805A628DB1EE83FB61E640FF215BA732262","public"
"hash_sha256","A836A92E0618A2D2654A98551DB3908F4A4531C7C6EF8F4BD41BADCFA9E05096","public"
"hash_sha256","A8430CE490D5C5FAB1521F3297E2D277EE7E7C49E7357C208878F7FD5F763931","public"
"hash_sha256","AC6EB3435CEC6058FFEA590AC51507B3313A74EA07893B984F2D87BE12E17027","public"
"hash_sha256","AC957BA4796F06C4BF0C0AFB8674BBEB30EB95CEF85BC68CED3EE1AA30E3ACFF","public"
"hash_sha256","AD01BEB19F5B8C7155EE5415781761D4C7D85A31BB90B618C3F5D9F737F2D320","public"
"hash_sha256","AD21AF758AF28B7675C55E64BF5A9B3318F286E4963FF72470A311C2E18F42FF","public"
"hash_sha256","AD8FF8BBA2C5EBC9781993DD7512F904B4ACD65337E134951ED47432CEB554A2","public"
"hash_sha256","AE5EAEB93764BF4AC7ABAFEB7082A14682C10A15D825D3B76128F63E0AA6CEB9","public"
"hash_sha256","AECE8FA3B8EA803E9CA9BF06B6FD147B54CD3A00207AAD36871DA424A9CA4748","public"
"hash_sha256","B07D45EFF14B4F083365D736010157724AC0E2F89770AECE807FE67FA59EF7CE","public"
"hash_sha256","B0AE166BCD563139925F2203F90E31EFD0B067CF16FCCE390A0E149F57D4C94D","public"
"hash_sha256","B7AB674C5CE421D9233577806343FC95602BA5385AA4624B42EBD3AF6E97D3E5","public"
"hash_sha256","B7D205A1560B07A92D744053744C29823064E2C415A71887FCCD8524A3CAD3FB","public"
"hash_sha256","B8402DB19371DB55EEBEA08CF1C1AF984C3786D03FF7EAE954DE98A5C1186CEE","public"
"hash_sha256","BC017DCE8D74CEF666069FA07D66E3F1EA952D0B1A0E50F51A8CC3B920DA0966","public"
"hash_sha256","BF7FD17C0C92DAA075224804A037B5940872AC4011F161E49BC0C790BBFA7D43","public"
"hash_sha256","C2137CD870DE0AF6662F56C97D27B86004F47B866AB27190A97BDE7518A9AC1B","public"
"hash_sha256","C2C8F3A7A7B07FC4F62B943011EF4239FF938077FDE2CC248B406616254F44D5","public"
"hash_sha256","C2D2320AE43AAA0798CBCEC163A0265CBA511F8D42D90D45CD49A43FE1C40BE6","public"
"hash_sha256","C97128A452FF24D9BA70A3A7674C1D7AD21BABC9C75E7C34330BADDAEEA3D4BD","public"
"hash_sha256","CDCD71A62CD579B8AA01792769B99961CDE2D34419E066C4A45943559E0C4029","public"
"hash_sha256","CDD097329D2C539A3C67C278530D951964F593A4FFB90A31B0EFAD4C3E0ED5BA","public"
"hash_sha256","CFB58601339563B1FC1ECF3F9DB1CE704E515CAD7EACACF69A7E88704646304F","public"
"hash_sha256","D029BE4142FCA334AF8FE0F5F467A0E0E1C89D3B881833EE53C1E804DC912CFD","public"
"hash_sha256","D5095FC28D9B189698D2FEEBE96ECEB5EE9D31877A0F2ED970356FF079455D73","public"
"hash_sha256","D70B2EC135B1DC4D0BE8E029574D9E686B29C0225022FC65D0AF0811FDF88CE7","public"
"hash_sha256","D8119DF3E735DBA78BC6C528F2737D8ACB2E87F442596C810AFCB5FA85261AD5","public"
"hash_sha256","DC9A484F4910EE08EB22AFAB8D328EEF5328C9A5A8ABC6A50062E2065262A81F","public"
"hash_sha256","DEF421B838A43054AB8336AB4DB6BF8F973E1BBABC2C38E278C3FA4EA459F961","public"
"hash_sha256","DF9ECDE8058CB9756BDE3DE1A2A2727A3709F238885165B7FEB747EB10DE1502","public"
"hash_sha256","E08E03091DEFB5006792934389AA350E8C48C37E59E282EF8FE3C3F126212E20","public"
"hash_sha256","E4AEA6EE7005EE4B500E0B8673B69EA91D1A7532FACAD653E575BA29824845D9","public"
"hash_sha256","E516B102A2A6001EAFB055E42FEB9000691E2353C7E87E34DDAA99D7D8AF16FD","public"
"hash_sha256","E78FF6F51A3FAECF4D20CD5B71B2396B7C2FEC74AF19122B1E1EEE432C13B773","public"
"hash_sha256","E7C2B524F5CB0761A973ACCC9A4163294D678F5CE6ACA73A94D4E106F4C8FEA4","public"
"hash_sha256","E8DAB17006948378B94183226F8E2D345A6AEB6688BE02E4EE578D4618D9FB43","public"
"hash_sha256","EC0F2960164CDCF265ED78E66476459337C03ACB469B6B302E1E8AE01C35D7EC","public"
"hash_sha256","ED170975E3FD03440360628F447110E016F176A44F951FCF6BC8CDB47FBD8E0E","public"
"hash_sha256","ED6643ADCD866EBE085C51BE955C632A8FCE08EFCE99CF87F8A42DCF1E5EF36A","public"
"hash_sha256","EE4C8E4CCE55BD40AFA1FB0BC0EEE3D7C23D0EBE2DB48C2092E854F6CA1472CE","public"
"hash_sha256","F0F7276C54E6D6B41732D51FB1B61366AA49C6992A54D13FFD24AEE572FFAF95","public"
"hash_sha256","F626A8E8E1EB51A23B56B69060A76B9F566944C1B4DF044B8B4B68861FB8A761","public"
"hash_sha256","FB5362C4540A3CBFF8CB1C678C00CC39801DC38151EDC4A953E66ADE3E069225","public"
"hash_sha256","FCAD11819FCA303372182C881397E0B607C0DA64ECDA1CF9B2C87CF5F8F5957A","public"
"hash_sha1","27C4161777BA005166156DE311BA58DE49EAC874","public"
"hash_sha1","435E74551890B8C70C4B09446EC6CE0A932763F5","public"
"hash_sha1","4C189405D684EB8E70B1848B356967E783B9C543","public"
"hash_sha1","4C391EBEFF4CDFBC87CA83772A535D4386E5A5B2","public"
"hash_sha1","585B76875AAD1C99D3E06C29AD46B3ADEB45639D","public"
"hash_sha1","5CD53D94CAF0E811B82BAD958B34322EB082567F","public"
"hash_sha1","60BDF425BD22C34BAD7D5663DB31D2107153F729","public"
"hash_sha1","68911AD6696CFDB15C967A82C2D8AAB1BE634659","public"
"hash_sha1","6B78948F441EEE53F21791D4DD88DD4FDCD5F7E3","public"
"hash_sha1","AD25EE224973140D41C6ECF1C1500D4EFEB0B324","public"
"hash_sha1","D94F476B2ACEAF4E83197475280F89ECBE3B8D35","public"
"hash_sha1","E1A02B787597A844B82A73C2488000088D0533B4","public"
"hash_sha1","FDB9FC2DE72BE71084CC60508D00BEDBF9337172","public"
"domain","api.autocamfixer.online","public"
"domain","api.fixdiskpro.online","public"
"domain","autoridade-tributaria.com","public"
"domain","coinbase.talenthiringtool.com","public"
"domain","coinbase.talentmonitoringtool.com","public"
"domain","colabfile.com","public"
"domain","dcupdate.duckdns.org","public"
"domain","dgflex.duckdns.org","public"
"domain","digitaltalent.review","public"
"domain","evalassesso.com","public"
"domain","evalswift.com","public"
"domain","fast-video-recording.com","public"
"domain","gamestuts.com","public"
"domain","gotemburgoxm.duckdns.org","public"
"domain","hvncmomentpure.duckdns.org","public"
"domain","inde-faturas.com","public"
"domain","infoshoutout.com","public"
"domain","ip145.ip-51-89-212.eu","public"
"domain","kraken.livehiringpro.com","public"
"domain","krakenhire.com","public"
"domain","livetalentpro.com","public"
"domain","longtester.com","public"
"domain","ncmomenthv.duckdns.org","public"
"domain","nhvncpure.click","public"
"domain","nhvncpure.duckdns.org","public"
"domain","nhvncpure.sbs","public"
"domain","nhvncpure.shop","public"
"domain","nhvncpure.twilightparadox.com","public"
"domain","nhvncpure1.strangled.net","public"
"domain","nhvncpure2.mooo.com","public"
"domain","nhvncpurekfl.duckdns.org","public"
"domain","nhvncpureybs.duckdns.org","public"
"domain","parallel.eskillora.com","public"
"domain","parallel.eskillprov.com","public"
"domain","pinnedplace.com","public"
"domain","provevidskillcheck.com","public"
"domain","purelogs2025.duckdns.org","public"
"domain","quantumnodespro.com","public"
"domain","quiz-nest.com","public"
"domain","rem25rem.duckdns.org","public"
"domain","remc21.duckdns.org","public"
"domain","robinhood.ecareerscan.com","public"
"domain","romanovas.duckdns.org","public"
"domain","sosten38999.duckdns.org","public"
"domain","talent-hiringtalk.com","public"
"domain","trabajonuevos.duckdns.org","public"
"domain","uniswap.prehireiq.com","public"
"domain","uniswap.speakure.com","public"
"domain","uniswap.testforhire.com","public"
"domain","www.hireviavideo.com","public"
"domain","www.smartvideohire.com","public"
"domain","www.talent-hiringstep.com","public"
"ip","154.216.17.175","public"
"ip","193.143.1.46","public"
"ip","46.183.184.91","public"
"ip","46.30.188.161","public"
"ip","51.89.212.145","public"
"url","http://154.58.204.15:8080","public"
"url","http://212.81.47.217:8080","public"
"url","http://31.57.243.190:8080","public"
"url","http://31.57.243.29:8080","public"
"url","http://add-jackson-revenge-ballet.trycloudflare.com/pws1.vbs","public"
"url","http://ashley-name-honey-ks.trycloudflare.com/pws1.vbs","public"
"url","http://bernard-criterion-consultant-url.trycloudflare.com/pws1.vbs","public"
"url","http://coaches-revealed-everyday-bargain.trycloudflare.com/pws1.vbs","public"
"url","http://combining-better-realized-oven.trycloudflare.com/pws1.vbs","public"
"url","http://downloads-dimension-loading-alpine.trycloudflare.com/pws1.vbs","public"
"url","http://minneapolis-dealt-taking-clerk.trycloudflare.com/pws1.vbs","public"
"url","http://nl-theatre-saver-impact.trycloudflare.com/PWS1.vbs","public"
"url","http://possess-probably-coupon-cure.trycloudflare.com/pws1.vbs","public"
"url","http://publicity-jenny-paintball-gilbert.trycloudflare.com/pws1.vbs","public"
"url","http://shed-determination-conviction-herself.trycloudflare.com/pws1.vbs","public"
"url","http://spokesman-disagree-comparing-feeling.trycloudflare.com/garbage2/garbage/pws1.vbs","public"
"url","http://spokesman-disagree-comparing-feeling.trycloudflare.com/garbage2/pws1.vbs","public"
"url","http://staffing-char-structured-herein.trycloudflare.com/pws1.vbs","public"
"url","http://tucson-option-aspect-recommended.trycloudflare.com/pws1.vbs","public"
"url","https://add-jackson-revenge-ballet.trycloudflare.com/pws1.vbs","public"
"url","https://agricultural-brooks-nevertheless-hawk.trycloudflare.com","public"
"url","https://archive.org/download/new_image_20250509_1852/new_image.jpg","public"
"url","https://archived-hungary-paxil-tubes.trycloudflare.com","public"
"url","https://ashley-name-honey-ks.trycloudflare.com/pws1.vbs","public"
"url","https://bay-boy-mali-carter.trycloudflare.com/pws1.vbs","public"
"url","https://bitbucket.org/notificacionesramajudicialcolombia2025/notificacionesjudiciales20255342/downloads/31agosto.txt","public"
"url","https://bitbucket.org/notijudiciales2025ramajudicial/notijudiciales022561134/raw/9963a857a61525ee23bb8727a0b8ad8f4c09b162/respaldorepe33","public"
"url","https://bitbucket.org/ramajudicialcolombia20252026100809283/notificacionesjudiciales2025874733/downloads/31agosto.txt","public"
"url","https://bitbucket.org/sostener-marzo-2025/sostener/raw/2a8ab6d18d53f25f826cb0cefbda28a7a61c2f77/sostener","public"
"url","https://bitbucket.org/sostener-marzo-2025/sostener15/raw/0592a174dcc1420909aa22c7f0641602d2ac4a2f/sostener15","public"
"url","https://bitbucket.org/sostener-nuevo-mayo-9/sostener/downloads/sostener.txt","public"
"url","https://bold-accepts-wide-te.trycloudflare.com","public"
"url","https://bold-accepts-wide-te.trycloudflare.com/pws1.vbs","public"
"url","https://bought-boulder-algeria-warned.trycloudflare.com","public"
"url","https://canada-divisions-young-feedback.trycloudflare.com/pws1.vbs","public"
"url","https://catalogs-amounts-functions-chicago.trycloudflare.com","public"
"url","https://coaches-revealed-everyday-bargain.trycloudflare.com/pws1.vbs","public"
"url","https://cold-neon-springfield-asset.trycloudflare.com","public"
"url","https://combining-better-realized-oven.trycloudflare.com/pws1.vbs","public"
"url","https://departments-emperor-maximize-synopsis.trycloudflare.com","public"
"url","https://depot-arrange-zero-kai.trycloudflare.com","public"
"url","https://diy-solution-warriors-workflow.trycloudflare.com","public"
"url","https://dolls-pet-bon-shirts.trycloudflare.com","public"
"url","https://downloads-dimension-loading-alpine.trycloudflare.com/PWS1.vbs","public"
"url","https://flexibility-hawaiian-ever-bon.trycloudflare.com","public"
"url","https://flour-riding-merit-refers.trycloudflare.com","public"
"url","https://fy-golf-fraction-bath.trycloudflare.com","public"
"url","https://github.com/unheard44/fluid_bean/releases/download/releases/SearchFilter.7z","public"
"url","https://greensboro-even-suburban-str.trycloudflare.com","public"
"url","https://hobbies-gratis-literally-dry.trycloudflare.com","public"
"url","https://hose-jerusalem-sure-older.trycloudflare.com","public"
"url","https://impressive-abs-respondent-accuracy.trycloudflare.com/pws1.vbs","public"
"url","https://integration-previous-brilliant-true.trycloudflare.com","public"
"url","https://learn-frankfurt-retreat-bm.trycloudflare.com/PWS1.vbs","public"
"url","https://lender-router-exclusively-fraction.trycloudflare.com","public"
"url","https://lender-router-exclusively-fraction.trycloudflare.com/pws1.vbs","public"
"url","https://menu-conviction-given-not.trycloudflare.com","public"
"url","https://metamask.awaitingfor.site/update","public"
"url","https://milton-smithsonian-raising-mind.trycloudflare.com","public"
"url","https://minneapolis-dealt-taking-clerk.trycloudflare.com/pws1.vbs","public"
"url","https://newcastle-rating-artificial-commissioners.trycloudflare.com/pws1.vbs","public"
"url","https://now-refer-several-tariff.trycloudflare.com","public"
"url","https://obtaining-removing-blocking-effectiveness.trycloudflare.com","public"
"url","https://opportunities-choosing-non-torture.trycloudflare.com","public"
"url","https://pad-buy-sounds-photographers.trycloudflare.com/pws1.vbs","public"
"url","https://paste.ee/d/6aKpKL23/0","public"
"url","https://paste.ee/d/TlT93nCU","public"
"url","https://paste.ee/d/gI4b6U2d/0","public"
"url","https://paste.ee/r/7iYdhTvx/0","public"
"url","https://paste.ee/r/qRfslieM/0","public"
"url","https://pastebin.com/raw/LC0H4rhJ","public"
"url","https://pastejustit.com/raw/tfauzcl5xj","public"
"url","https://periodic-photographs-pens-screensavers.trycloudflare.com/pws1.vbs","public"
"url","https://placing-approaches-odd-eds.trycloudflare.com/garbage2/pws1.vbs","public"
"url","https://placing-approaches-odd-eds.trycloudflare.com/pws1.vbs","public"
"url","https://pop-incl-accountability-pharmacy.trycloudflare.com","public"
"url","https://popcorn-soft.glitch.me/popcornsoft.me","public"
"url","https://publicity-jenny-paintball-gilbert.trycloudflare.com/pws1.vbs","public"
"url","https://reensboro-even-suburban-str.trycloudflare.com","public"
"url","https://rlim.com/seraswodinsx/raw","public"
"url","https://safeupload.online","public"
"url","https://shed-determination-conviction-herself.trycloudflare.com","public"
"url","https://shed-determination-conviction-herself.trycloudflare.com/pws1.vbs","public"
"url","https://spokesman-disagree-comparing-feeling.trycloudflare.com/pws1.vbs","public"
"url","https://superb-rotation-gourmet-frequently.trycloudflare.com","public"
"url","https://support.us05web-zoom.biz/842799/check","public"
"url","https://surprise-poly-longitude-populations.trycloudflare.com","public"
"url","https://texasdispatchers.com/1.exe","public"
"url","https://travel-sagem-distant-potential.trycloudflare.com","public"
"url","https://tucson-option-aspect-recommended.trycloudflare.com/pws1.vbs","public"
"url","https://uploaded-overall-seating-browser.trycloudflare.com","public"
"url","https://vertical-pentium-b-dead.trycloudflare.com","public"
"url","https://violin-amendment-stranger-job.trycloudflare.com","public"
"url","https://vocabulary-bangladesh-designation-manhattan.trycloudflare.com","public"
"url","https://whatever-hearings-transmission-daisy.trycloudflare.com","public"
"url","https://whatever-hearings-transmission-daisy.trycloudflare.com/pws1.vbs","public"
"url","https://wisconsin-thereafter-bryant-stocks.trycloudflare.com/pws1.vbs","public"
"url","https://wizard-individual-intervals-franklin.trycloudflare.com","public"
"url","https://works-clubs-attendance-vi.trycloudflare.co","public"
"url","https://works-clubs-attendance-vi.trycloudflare.com","public"
"url","https://xi-if-grows-valued.trycloudflare.com/PWS1.vbs","public"
